"Dimension","Web app (cloud Computer)","Comet desktop"
"Execution location","Perplexity cloud VM, isolated sandbox","Your local machine, your real browser process"
"Authenticated sessions","None by default — agent starts from scratch, hits login walls on Gmail, IBKR, GitHub private repos, Databricks, Fabric, internal tools","Inherits every login already in your browser. Zero re-authindianexpress"
"Long-running / scheduled tasks","Strong — runs while your laptop is off, supports cron, runs in background","Weak — tied to your machine being on and Comet open"
"Parallelism","High — many cloud agents simultaneously without taxing your machine","Limited by your CPU/RAM; sidebar can run multiple errands but they share your browser"
"Page context awareness","None — agent doesn't see what you're looking at","Native — @tab mentions, current-tab context, cross-tab reasoningperplexity"
"Inline assistance while you work","No — separate interface","Yes — highlight text anywhere on the web, get inline actionscomet-help.perplexity"
"Extensions","None","Full Chrome extension support"
"File handling","Cloud workspace, can produce/share artifacts (.xlsx, .pdf, .pptx)","Same artifacts available via assistant; local file system access is limited"
"Mobile / other machines","Works anywhere with a browser","Desktop only (macOS, Windows)"
"Privacy posture","Data and actions happen in Perplexity's cloud","Browsing data stored locally by default; only sent to Perplexity when needed for a queryperplexity"
"Risk surface","Lower blast radius — sandboxed, can't touch your real accounts unless you give it creds","Higher blast radius — it's acting as you, in your logged-in sessions. Requires more careful confirmation discipline"
"Failure mode when blocked","Hits a login or captcha → stuck or asks for creds","Already logged in → just proceeds"
"Connectors (Gmail, GCal, GitHub, Plaid, etc.)","Available via OAuth-connected tools — works identically","Same connectors available, plus the agent can also act directly in the live web UI"
"Best for","Background research, scheduled jobs, parallel agents, mobile use, ""fire and forget"" deliverables","Hands-on work in authenticated tools, mid-browsing automation, anything requiring your real session"